{
    "above_3_stars": {
        "0.0": {
            "average_price": 96.16504854368932,
            "min": 39.0,
            "max": 250.0,
            "count": 103
        },
        "1.0": {
            "average_price": 90.56118966357874,
            "min": 6.0,
            "max": 325.0,
            "count": 2051
        },
        "2.0": {
            "average_price": 132.75947867298578,
            "min": 17.0,
            "max": 333.0,
            "count": 844
        },
        "3.0": {
            "average_price": 185.87728937728937,
            "min": 71.0,
            "max": 341.0,
            "count": 546
        },
        "4.0": {
            "average_price": 222.43805309734512,
            "min": 84.0,
            "max": 336.0,
            "count": 226
        },
        "5.0": {
            "average_price": 243.24561403508773,
            "min": 147.0,
            "max": 340.0,
            "count": 57
        },
        "6.0": {
            "average_price": 253.1,
            "min": 191.0,
            "max": 316.0,
            "count": 10
        },
        "7.0": {
            "average_price": 182.0,
            "min": 182.0,
            "max": 182.0,
            "count": 1
        }
    },
    "all_listings": {
        "0.0": {
            "average_price": 97.53076923076924,
            "min": 39.0,
            "max": 250.0,
            "count": 130
        },
        "1.0": {
            "average_price": 92.64915117219078,
            "min": 6.0,
            "max": 340.0,
            "count": 2474
        },
        "2.0": {
            "average_price": 132.8665997993982,
            "min": 17.0,
            "max": 333.0,
            "count": 997
        },
        "3.0": {
            "average_price": 186.0742496050553,
            "min": 34.0,
            "max": 341.0,
            "count": 633
        },
        "4.0": {
            "average_price": 220.74609375,
            "min": 42.0,
            "max": 336.0,
            "count": 256
        },
        "5.0": {
            "average_price": 239.42424242424244,
            "min": 80.0,
            "max": 340.0,
            "count": 66
        },
        "6.0": {
            "average_price": 257.3333333333333,
            "min": 191.0,
            "max": 316.0,
            "count": 12
        },
        "7.0": {
            "average_price": 182.0,
            "min": 182.0,
            "max": 182.0,
            "count": 1
        },
        "8.0": {
            "average_price": 302.0,
            "min": 302.0,
            "max": 302.0,
            "count": 1
        }
    }
}